StudentID,Name,Gender,Age,Department,City,Marks_Math,Marks_Science,Attendance,Scholarship
1,Student_1,Male,22.0,Computer,Surat,96.0,84.0,80.0,No
2,Student_2,Female,21.0,Computer,Surat,47.0,54.0,77.0,No
3,Student_3,Male,24.0,Computer,Surat,40.0,89.0,88.0,Yes
4,Student_4,Male,18.0,IT,Vadodara,94.0,36.0,50.0,No
5,Student_5,Male,18.0,Electrical,Ahmedabad,,59.0,74.0,Yes
6,Student_6,Female,21.0,IT,Rajkot,88.0,47.0,92.0,Yes
7,Student_7,Male,20.0,Electrical,Gandhinagar,38.0,92.0,87.0,Yes
8,Student_8,Male,18.0,IT,Rajkot,,98.0,69.0,No
9,Student_9,Male,19.0,IT,Rajkot,59.0,93.0,52.0,No
10,Student_10,Female,21.0,Civil,Ahmedabad,66.0,94.0,100.0,Yes
11,Student_11,Male,18.0,IT,Ahmedabad,93.0,96.0,51.0,No
12,Student_12,Male,22.0,Mechanical,Ahmedabad,97.0,50.0,67.0,No
13,Student_13,Male,23.0,Civil,Surat,72.0,49.0,93.0,Yes
14,Student_14,Male,19.0,IT,Vadodara,87.0,89.0,59.0,No
15,Student_15,Female,25.0,Computer,Surat,62.0,69.0,54.0,No
16,Student_16,Male,25.0,Mechanical,Vadodara,37.0,89.0,58.0,No
17,Student_17,Female,23.0,Mechanical,Vadodara,56.0,48.0,51.0,No
18,Student_18,Female,25.0,Mechanical,Rajkot,72.0,83.0,83.0,Yes
19,Student_19,Female,,Civil,Rajkot,96.0,41.0,87.0,No
20,Student_20,Male,18.0,IT,Vadodara,91.0,,80.0,No
21,Student_21,Female,19.0,IT,Vadodara,40.0,83.0,59.0,No
22,Student_22,Male,19.0,Computer,Surat,66.0,50.0,99.0,Yes
23,Student_23,Female,20.0,Computer,Surat,44.0,85.0,61.0,No
24,Student_24,Female,23.0,Mechanical,Rajkot,37.0,76.0,85.0,No
25,Student_25,Female,19.0,Computer,Ahmedabad,93.0,51.0,70.0,Yes
26,Student_26,Female,20.0,Civil,Vadodara,83.0,97.0,98.0,No
27,Student_27,Female,,IT,Surat,93.0,79.0,96.0,No
28,Student_28,Female,20.0,Mechanical,,65.0,41.0,55.0,No
29,Student_29,Female,22.0,Computer,Surat,96.0,61.0,97.0,No
30,Student_30,Female,24.0,Civil,Vadodara,86.0,,98.0,No
31,Student_31,Male,18.0,Civil,Vadodara,75.0,68.0,52.0,No
32,Student_32,Male,,Computer,Gandhinagar,65.0,70.0,59.0,No
33,Student_33,Female,24.0,IT,Ahmedabad,56.0,59.0,54.0,Yes
34,Student_34,Female,24.0,Computer,Gandhinagar,38.0,40.0,95.0,No
35,Student_35,Female,21.0,Mechanical,Rajkot,47.0,58.0,75.0,No
36,Student_36,Male,22.0,Computer,Surat,,52.0,,No
37,Student_37,Female,20.0,Civil,,76.0,40.0,94.0,No
38,Student_38,Male,18.0,Computer,Vadodara,83.0,63.0,75.0,Yes
39,Student_39,Male,20.0,IT,Gandhinagar,54.0,59.0,87.0,No
40,Student_40,Male,,Electrical,Gandhinagar,,89.0,93.0,No
41,Student_41,Male,20.0,Computer,Gandhinagar,70.0,80.0,,No
42,Student_42,Male,25.0,IT,Rajkot,,58.0,,No
43,Student_43,Female,21.0,IT,Vadodara,49.0,,54.0,No
44,Student_44,Female,18.0,Civil,Surat,51.0,62.0,64.0,Yes
45,Student_45,Female,20.0,IT,Surat,58.0,,65.0,No
46,Student_46,Female,18.0,IT,Rajkot,92.0,,50.0,Yes
47,Student_47,Female,18.0,IT,Gandhinagar,57.0,95.0,65.0,Yes
48,Student_48,Male,19.0,IT,Ahmedabad,80.0,85.0,86.0,No
49,Student_49,Female,19.0,Mechanical,Rajkot,42.0,82.0,52.0,Yes
50,Student_50,Female,21.0,Mechanical,Rajkot,93.0,55.0,96.0,No
51,Student_51,Male,22.0,Civil,Vadodara,93.0,88.0,80.0,No
52,Student_52,Female,25.0,Computer,,47.0,90.0,62.0,No
53,Student_53,Male,24.0,IT,Rajkot,73.0,93.0,65.0,Yes
54,Student_54,Female,18.0,Computer,Rajkot,62.0,85.0,92.0,No
55,Student_55,Male,,Computer,Gandhinagar,95.0,54.0,70.0,Yes
56,Student_56,Female,24.0,Civil,Gandhinagar,50.0,93.0,51.0,No
57,Student_57,Female,24.0,IT,Ahmedabad,36.0,43.0,76.0,No
58,Student_58,Male,25.0,IT,Vadodara,51.0,,87.0,No
59,Student_59,Male,21.0,Electrical,Ahmedabad,64.0,63.0,75.0,No
60,Student_60,Male,24.0,Computer,Gandhinagar,47.0,97.0,87.0,No
61,Student_61,Male,25.0,Computer,Surat,47.0,90.0,95.0,Yes
62,Student_62,Male,24.0,Mechanical,Gandhinagar,77.0,69.0,74.0,No
63,Student_63,Male,18.0,Electrical,,55.0,37.0,60.0,No
64,Student_64,Male,18.0,Mechanical,,89.0,41.0,57.0,No
65,Student_65,Male,23.0,Mechanical,Vadodara,74.0,61.0,57.0,Yes
66,Student_66,Female,22.0,Mechanical,Vadodara,49.0,35.0,,Yes
67,Student_67,Female,,Civil,Vadodara,86.0,78.0,56.0,Yes
68,Student_68,Male,,Civil,Vadodara,87.0,75.0,87.0,No
69,Student_69,Female,19.0,Mechanical,Vadodara,86.0,76.0,70.0,No
70,Student_70,Female,25.0,Electrical,Surat,64.0,67.0,57.0,No
71,Student_71,Female,20.0,Computer,Ahmedabad,67.0,84.0,100.0,No
72,Student_72,Female,22.0,Electrical,Rajkot,91.0,97.0,70.0,Yes
73,Student_73,Male,19.0,IT,Ahmedabad,86.0,71.0,69.0,No
74,Student_74,Female,20.0,Civil,,43.0,93.0,57.0,No
75,Student_75,Male,23.0,Computer,Surat,,82.0,95.0,No
76,Student_76,Female,,Computer,Gandhinagar,35.0,39.0,80.0,No
77,Student_77,Female,18.0,IT,Surat,78.0,82.0,99.0,No
78,Student_78,Female,,IT,Vadodara,43.0,37.0,78.0,No
79,Student_79,Male,25.0,Mechanical,Surat,66.0,81.0,97.0,Yes
80,Student_80,Female,19.0,Civil,Surat,49.0,96.0,58.0,Yes
81,Student_81,Male,23.0,Civil,Vadodara,46.0,48.0,64.0,No
82,Student_82,Female,25.0,Electrical,Surat,91.0,97.0,79.0,Yes
83,Student_83,Male,24.0,Mechanical,,42.0,95.0,,No
84,Student_84,Female,19.0,Mechanical,Rajkot,61.0,65.0,,Yes
85,Student_85,Male,19.0,Mechanical,Surat,96.0,51.0,78.0,No
86,Student_86,Male,23.0,Mechanical,Gandhinagar,46.0,58.0,65.0,Yes
87,Student_87,Female,24.0,Civil,Vadodara,99.0,57.0,85.0,No
88,Student_88,Male,20.0,Civil,Rajkot,76.0,84.0,69.0,No
89,Student_89,Female,21.0,Mechanical,Gandhinagar,96.0,61.0,94.0,Yes
90,Student_90,Female,20.0,Electrical,Surat,45.0,49.0,86.0,Yes
91,Student_91,Female,24.0,Computer,Gandhinagar,77.0,84.0,71.0,No
92,Student_92,Female,22.0,Computer,Ahmedabad,51.0,70.0,56.0,No
93,Student_93,Female,25.0,Electrical,Rajkot,66.0,42.0,72.0,Yes
94,Student_94,Female,23.0,Mechanical,Surat,74.0,,90.0,No
95,Student_95,Female,20.0,Civil,Vadodara,57.0,96.0,89.0,Yes
96,Student_96,Female,19.0,Computer,Surat,90.0,81.0,78.0,No
97,Student_97,Female,,IT,Vadodara,40.0,95.0,65.0,No
98,Student_98,Female,18.0,IT,,84.0,66.0,87.0,No
99,Student_99,Female,24.0,Electrical,Gandhinagar,71.0,47.0,77.0,No
100,Student_100,Male,25.0,Mechanical,Gandhinagar,98.0,35.0,97.0,Yes
101,Student_101,Male,20.0,Computer,Gandhinagar,88.0,68.0,87.0,No
102,Student_102,Female,23.0,Mechanical,Ahmedabad,83.0,96.0,80.0,Yes
103,Student_103,Female,25.0,Computer,Vadodara,45.0,65.0,63.0,No
104,Student_104,Female,20.0,Electrical,Gandhinagar,83.0,98.0,82.0,No
105,Student_105,Female,23.0,Electrical,Ahmedabad,55.0,59.0,58.0,No
106,Student_106,Female,19.0,IT,Vadodara,97.0,,76.0,Yes
107,Student_107,Female,18.0,Mechanical,Surat,62.0,48.0,73.0,Yes
108,Student_108,Female,18.0,IT,Ahmedabad,51.0,,62.0,No
109,Student_109,Female,22.0,Mechanical,,40.0,88.0,75.0,No
110,Student_110,Male,23.0,IT,Ahmedabad,53.0,36.0,78.0,Yes
111,Student_111,Female,20.0,Civil,Ahmedabad,90.0,90.0,100.0,No
112,Student_112,Male,18.0,Civil,Vadodara,62.0,95.0,98.0,Yes
113,Student_113,Female,24.0,Civil,Surat,72.0,56.0,,No
114,Student_114,Female,18.0,Civil,Rajkot,71.0,69.0,77.0,No
115,Student_115,Male,21.0,Computer,Gandhinagar,83.0,50.0,77.0,No
116,Student_116,Female,21.0,Civil,Gandhinagar,77.0,,57.0,Yes
117,Student_117,Male,,Electrical,Ahmedabad,70.0,77.0,72.0,No
118,Student_118,Female,23.0,Electrical,Vadodara,92.0,,78.0,Yes
119,Student_119,Female,22.0,Computer,Vadodara,47.0,92.0,54.0,No
120,Student_120,Male,18.0,Civil,Gandhinagar,86.0,36.0,91.0,Yes
121,Student_121,Female,19.0,Civil,Rajkot,92.0,38.0,56.0,No
122,Student_122,Male,25.0,Civil,Surat,66.0,73.0,91.0,No
123,Student_123,Female,20.0,IT,,94.0,40.0,,No
124,Student_124,Male,22.0,Mechanical,Surat,92.0,54.0,90.0,No
125,Student_125,Male,19.0,IT,Gandhinagar,90.0,98.0,76.0,No
126,Student_126,Female,22.0,Mechanical,Surat,62.0,50.0,,No
127,Student_127,Female,19.0,Civil,Vadodara,35.0,85.0,51.0,No
128,Student_128,Male,20.0,Civil,Ahmedabad,76.0,71.0,74.0,No
129,Student_129,Female,20.0,IT,Ahmedabad,82.0,76.0,58.0,No
130,Student_130,Female,21.0,IT,Gandhinagar,74.0,91.0,76.0,No
131,Student_131,Female,23.0,Mechanical,Vadodara,97.0,43.0,50.0,No
132,Student_132,Male,19.0,Electrical,Rajkot,38.0,98.0,72.0,No
133,Student_133,Male,25.0,Mechanical,Vadodara,72.0,56.0,59.0,Yes
134,Student_134,Male,21.0,IT,Ahmedabad,61.0,68.0,91.0,Yes
135,Student_135,Male,,IT,Ahmedabad,43.0,89.0,74.0,Yes
136,Student_136,Male,21.0,Computer,Vadodara,50.0,63.0,52.0,Yes
137,Student_137,Male,20.0,IT,Vadodara,90.0,72.0,55.0,Yes
138,Student_138,Male,22.0,Computer,Ahmedabad,65.0,52.0,,No
139,Student_139,Male,24.0,Electrical,,48.0,99.0,51.0,Yes
140,Student_140,Male,21.0,Mechanical,Gandhinagar,59.0,,67.0,No
141,Student_141,Female,19.0,Mechanical,Gandhinagar,68.0,38.0,72.0,Yes
142,Student_142,Male,19.0,Computer,Vadodara,58.0,38.0,51.0,Yes
143,Student_143,Female,24.0,Mechanical,Gandhinagar,60.0,61.0,61.0,No
144,Student_144,Female,23.0,IT,Ahmedabad,54.0,77.0,71.0,No
145,Student_145,Female,25.0,Civil,Ahmedabad,98.0,93.0,,Yes
146,Student_146,Male,20.0,Computer,Vadodara,44.0,66.0,69.0,No
147,Student_147,Male,19.0,Mechanical,Vadodara,58.0,67.0,88.0,No
148,Student_148,Male,18.0,Computer,,39.0,62.0,73.0,No
149,Student_149,Male,22.0,Computer,Rajkot,92.0,89.0,97.0,No
150,Student_150,Female,21.0,Civil,Gandhinagar,61.0,94.0,69.0,No
151,Student_151,Male,23.0,IT,Vadodara,49.0,96.0,50.0,No
152,Student_152,Male,25.0,Computer,Surat,69.0,,50.0,No
153,Student_153,Male,24.0,Mechanical,,87.0,90.0,,No
154,Student_154,Male,22.0,Electrical,Ahmedabad,78.0,47.0,,Yes
155,Student_155,Male,20.0,Computer,Gandhinagar,60.0,90.0,94.0,No
156,Student_156,Female,23.0,Computer,Vadodara,81.0,52.0,79.0,Yes
157,Student_157,Male,25.0,Civil,Surat,68.0,88.0,90.0,No
158,Student_158,Female,21.0,IT,Gandhinagar,84.0,77.0,96.0,No
159,Student_159,Male,,Electrical,Ahmedabad,46.0,,52.0,No
160,Student_160,Female,,Mechanical,Rajkot,38.0,95.0,95.0,Yes
161,Student_161,Male,18.0,Electrical,Gandhinagar,82.0,76.0,,Yes
162,Student_162,Male,24.0,Mechanical,Gandhinagar,,52.0,73.0,No
163,Student_163,Female,20.0,IT,Rajkot,35.0,57.0,71.0,No
164,Student_164,Female,23.0,Mechanical,,64.0,88.0,93.0,No
165,Student_165,Female,23.0,Civil,Ahmedabad,37.0,64.0,94.0,Yes
166,Student_166,Male,19.0,Civil,Ahmedabad,55.0,92.0,75.0,No
167,Student_167,Female,18.0,Civil,Rajkot,83.0,52.0,62.0,Yes
168,Student_168,Male,18.0,Civil,Vadodara,96.0,41.0,,No
169,Student_169,Male,23.0,Electrical,Surat,72.0,74.0,73.0,Yes
170,Student_170,Female,23.0,IT,Vadodara,49.0,99.0,59.0,No
171,Student_171,Female,,Mechanical,Gandhinagar,86.0,83.0,84.0,Yes
172,Student_172,Male,25.0,Mechanical,Surat,80.0,86.0,73.0,No
173,Student_173,Male,22.0,Civil,Rajkot,59.0,63.0,77.0,No
174,Student_174,Female,,Civil,Rajkot,,55.0,85.0,Yes
175,Student_175,Female,,Computer,Surat,39.0,43.0,65.0,No
176,Student_176,Female,19.0,IT,Ahmedabad,81.0,,89.0,Yes
177,Student_177,Male,21.0,Electrical,Surat,52.0,,65.0,Yes
178,Student_178,Male,22.0,Mechanical,Gandhinagar,55.0,85.0,66.0,No
179,Student_179,Male,19.0,Computer,,,90.0,100.0,No
180,Student_180,Male,24.0,Computer,Rajkot,98.0,85.0,64.0,No
181,Student_181,Male,20.0,Mechanical,Surat,74.0,54.0,65.0,No
182,Student_182,Male,22.0,Electrical,Vadodara,44.0,61.0,,No
183,Student_183,Female,24.0,Computer,Vadodara,86.0,72.0,83.0,Yes
184,Student_184,Male,21.0,Computer,Gandhinagar,95.0,99.0,60.0,Yes
185,Student_185,Male,20.0,IT,Vadodara,,88.0,50.0,No
186,Student_186,Male,20.0,Electrical,,39.0,58.0,64.0,No
187,Student_187,Female,21.0,Computer,Surat,87.0,81.0,75.0,Yes
188,Student_188,Male,22.0,Electrical,Vadodara,,97.0,100.0,Yes
189,Student_189,Male,18.0,Mechanical,Surat,71.0,91.0,,No
190,Student_190,Female,21.0,Civil,Gandhinagar,90.0,89.0,92.0,No
191,Student_191,Male,21.0,Computer,Ahmedabad,93.0,94.0,54.0,Yes
192,Student_192,Male,21.0,IT,,93.0,96.0,84.0,No
193,Student_193,Male,20.0,Mechanical,Gandhinagar,,64.0,62.0,No
194,Student_194,Male,25.0,Electrical,Surat,99.0,56.0,59.0,Yes
195,Student_195,Male,19.0,Mechanical,Ahmedabad,94.0,63.0,60.0,Yes
196,Student_196,Female,24.0,Computer,Surat,85.0,75.0,67.0,No
197,Student_197,Female,18.0,Electrical,Rajkot,64.0,76.0,83.0,No
198,Student_198,Female,22.0,Civil,Surat,45.0,99.0,88.0,Yes
199,Student_199,Male,22.0,Mechanical,Surat,73.0,65.0,90.0,No
200,Student_200,Male,24.0,Computer,Surat,97.0,64.0,91.0,No
201,Student_201,Male,19.0,IT,Ahmedabad,98.0,52.0,99.0,No
202,Student_202,Female,21.0,Electrical,Surat,95.0,51.0,,No
203,Student_203,Male,25.0,Mechanical,Ahmedabad,88.0,72.0,56.0,No
204,Student_204,Male,18.0,Mechanical,Vadodara,92.0,48.0,88.0,No
205,Student_205,Female,22.0,Civil,Rajkot,90.0,90.0,52.0,No
206,Student_206,Male,24.0,Civil,Ahmedabad,68.0,,,No
207,Student_207,Female,23.0,IT,Vadodara,65.0,90.0,56.0,No
208,Student_208,Female,25.0,IT,Ahmedabad,86.0,53.0,98.0,No
209,Student_209,Female,24.0,Computer,Ahmedabad,35.0,91.0,75.0,Yes
210,Student_210,Male,25.0,Computer,Rajkot,89.0,78.0,82.0,No
211,Student_211,Male,22.0,IT,Gandhinagar,56.0,69.0,86.0,No
212,Student_212,Male,21.0,IT,Gandhinagar,74.0,35.0,97.0,Yes
213,Student_213,Male,23.0,Electrical,Ahmedabad,35.0,86.0,64.0,No
214,Student_214,Male,19.0,Civil,Surat,99.0,71.0,51.0,No
215,Student_215,Male,18.0,Computer,Vadodara,97.0,99.0,90.0,Yes
216,Student_216,Male,19.0,Civil,Surat,88.0,85.0,56.0,No
217,Student_217,Female,19.0,Civil,Surat,76.0,35.0,81.0,Yes
218,Student_218,Male,24.0,IT,Ahmedabad,55.0,55.0,53.0,Yes
219,Student_219,Female,25.0,Electrical,Ahmedabad,56.0,87.0,69.0,No
220,Student_220,Male,18.0,Mechanical,Ahmedabad,72.0,,99.0,Yes
221,Student_221,Male,18.0,Electrical,Ahmedabad,42.0,95.0,85.0,No
222,Student_222,Male,22.0,Electrical,Gandhinagar,96.0,88.0,81.0,No
223,Student_223,Female,22.0,Civil,Ahmedabad,81.0,74.0,77.0,No
224,Student_224,Female,18.0,Electrical,Gandhinagar,51.0,,62.0,No
225,Student_225,Female,23.0,Computer,Gandhinagar,51.0,99.0,50.0,Yes
226,Student_226,Female,20.0,Civil,Ahmedabad,47.0,98.0,84.0,No
227,Student_227,Male,22.0,Computer,Rajkot,51.0,,97.0,Yes
228,Student_228,Female,20.0,Mechanical,Vadodara,72.0,51.0,79.0,No
229,Student_229,Male,24.0,Civil,Surat,79.0,93.0,,No
230,Student_230,Male,23.0,Mechanical,Gandhinagar,40.0,,74.0,Yes
231,Student_231,Female,18.0,Civil,,,41.0,65.0,No
232,Student_232,Female,23.0,IT,Rajkot,48.0,78.0,68.0,No
233,Student_233,Female,22.0,Electrical,Surat,95.0,87.0,50.0,No
234,Student_234,Female,19.0,IT,Surat,49.0,68.0,54.0,No
235,Student_235,Female,24.0,Mechanical,Gandhinagar,88.0,80.0,100.0,Yes
236,Student_236,Female,18.0,Electrical,Ahmedabad,61.0,50.0,71.0,No
237,Student_237,Female,21.0,Civil,Rajkot,47.0,53.0,73.0,Yes
238,Student_238,Female,24.0,Electrical,,65.0,36.0,92.0,No
239,Student_239,Male,25.0,Computer,Rajkot,69.0,,,No
240,Student_240,Female,20.0,Electrical,Ahmedabad,94.0,84.0,,No
241,Student_241,Female,23.0,Computer,Ahmedabad,,46.0,,No
242,Student_242,Male,18.0,Electrical,Gandhinagar,92.0,,85.0,Yes
243,Student_243,Female,24.0,Computer,,,66.0,53.0,No
244,Student_244,Male,,Mechanical,Vadodara,57.0,35.0,85.0,No
245,Student_245,Male,18.0,IT,,68.0,88.0,67.0,Yes
246,Student_246,Female,22.0,Civil,Gandhinagar,60.0,92.0,99.0,No
247,Student_247,Male,24.0,Electrical,Rajkot,81.0,52.0,65.0,Yes
248,Student_248,Male,22.0,IT,Vadodara,39.0,40.0,90.0,No
249,Student_249,Male,24.0,Civil,Gandhinagar,54.0,79.0,67.0,No
250,Student_250,Male,22.0,Civil,Ahmedabad,40.0,57.0,71.0,No
251,Student_251,Female,25.0,Computer,Ahmedabad,,57.0,51.0,Yes
252,Student_252,Male,,Mechanical,Ahmedabad,98.0,,70.0,No
253,Student_253,Female,21.0,Mechanical,Ahmedabad,52.0,41.0,85.0,No
254,Student_254,Male,24.0,IT,Rajkot,38.0,78.0,93.0,No
255,Student_255,Male,,Mechanical,Vadodara,51.0,61.0,88.0,No
256,Student_256,Male,24.0,Electrical,Surat,48.0,60.0,96.0,No
257,Student_257,Male,22.0,Mechanical,Rajkot,47.0,70.0,88.0,No
258,Student_258,Female,18.0,IT,Rajkot,41.0,89.0,78.0,No
259,Student_259,Female,24.0,Mechanical,Surat,78.0,98.0,75.0,No
260,Student_260,Male,25.0,Electrical,Surat,49.0,91.0,70.0,No
261,Student_261,Male,22.0,Computer,Ahmedabad,53.0,95.0,66.0,No
262,Student_262,Female,19.0,IT,Rajkot,97.0,36.0,65.0,No
263,Student_263,Male,,Computer,Gandhinagar,69.0,89.0,,No
264,Student_264,Male,23.0,Computer,Surat,69.0,72.0,100.0,Yes
265,Student_265,Male,21.0,Computer,Surat,53.0,63.0,58.0,Yes
266,Student_266,Female,19.0,Civil,Vadodara,54.0,60.0,80.0,Yes
267,Student_267,Female,23.0,Civil,Gandhinagar,,69.0,,Yes
268,Student_268,Female,23.0,Computer,Gandhinagar,66.0,63.0,98.0,No
269,Student_269,Male,23.0,IT,Surat,82.0,68.0,86.0,No
270,Student_270,Male,18.0,Electrical,Ahmedabad,78.0,75.0,51.0,No
271,Student_271,Female,23.0,Electrical,,58.0,75.0,97.0,No
272,Student_272,Female,18.0,Mechanical,Gandhinagar,95.0,,95.0,No
273,Student_273,Female,23.0,IT,Surat,51.0,37.0,,No
274,Student_274,Female,20.0,Civil,Gandhinagar,84.0,92.0,82.0,No
275,Student_275,Male,25.0,Computer,Vadodara,99.0,66.0,84.0,No
276,Student_276,Female,19.0,Mechanical,Vadodara,66.0,65.0,88.0,No
277,Student_277,Male,20.0,Electrical,Rajkot,70.0,77.0,96.0,Yes
278,Student_278,Female,23.0,Civil,Surat,47.0,41.0,100.0,No
279,Student_279,Male,19.0,Civil,Vadodara,92.0,35.0,69.0,No
280,Student_280,Female,19.0,Computer,Rajkot,48.0,95.0,51.0,No
281,Student_281,Female,24.0,Electrical,,71.0,48.0,100.0,Yes
282,Student_282,Female,21.0,IT,Gandhinagar,74.0,86.0,90.0,No
283,Student_283,Female,,Civil,,93.0,40.0,68.0,No
284,Student_284,Male,21.0,Computer,Rajkot,50.0,44.0,86.0,Yes
285,Student_285,Female,19.0,IT,Gandhinagar,96.0,64.0,67.0,No
286,Student_286,Male,18.0,Electrical,Vadodara,,,65.0,No
287,Student_287,Male,19.0,Civil,,79.0,94.0,53.0,No
288,Student_288,Male,21.0,IT,Vadodara,62.0,97.0,,Yes
289,Student_289,Male,20.0,IT,Rajkot,65.0,76.0,,No
290,Student_290,Female,23.0,IT,Rajkot,37.0,85.0,56.0,No
291,Student_291,Male,,Civil,Vadodara,42.0,98.0,63.0,No
292,Student_292,Male,24.0,Civil,Gandhinagar,58.0,90.0,61.0,Yes
293,Student_293,Male,24.0,Mechanical,Gandhinagar,49.0,75.0,84.0,No
294,Student_294,Female,23.0,Electrical,Rajkot,77.0,66.0,54.0,No
295,Student_295,Female,24.0,Computer,Surat,65.0,49.0,66.0,No
296,Student_296,Female,20.0,IT,,79.0,96.0,91.0,No
297,Student_297,Female,23.0,Mechanical,Vadodara,42.0,61.0,81.0,Yes
298,Student_298,Male,24.0,Computer,Gandhinagar,91.0,62.0,59.0,No
299,Student_299,Male,23.0,Mechanical,Vadodara,64.0,98.0,92.0,Yes
300,Student_300,Female,21.0,Civil,Rajkot,52.0,93.0,66.0,No
301,Student_301,Male,25.0,IT,Gandhinagar,73.0,92.0,54.0,Yes
302,Student_302,Male,25.0,Computer,,94.0,36.0,,No
303,Student_303,Male,20.0,Computer,Rajkot,77.0,70.0,91.0,No
304,Student_304,Female,22.0,Computer,Surat,79.0,47.0,58.0,No
305,Student_305,Female,18.0,Computer,,,,98.0,Yes
306,Student_306,Male,24.0,Computer,Surat,40.0,94.0,82.0,No
307,Student_307,Female,18.0,Mechanical,Surat,90.0,56.0,85.0,Yes
308,Student_308,Female,23.0,IT,Ahmedabad,38.0,97.0,85.0,No
309,Student_309,Female,18.0,Civil,Gandhinagar,57.0,59.0,67.0,No
310,Student_310,Female,20.0,Civil,Vadodara,40.0,82.0,58.0,No
311,Student_311,Female,20.0,Civil,Surat,66.0,77.0,78.0,No
312,Student_312,Male,19.0,Civil,Ahmedabad,,72.0,,No
313,Student_313,Female,25.0,Mechanical,Rajkot,49.0,,63.0,Yes
314,Student_314,Male,24.0,Electrical,Vadodara,74.0,79.0,74.0,No
315,Student_315,Male,19.0,IT,Surat,,74.0,64.0,No
316,Student_316,Female,18.0,Computer,Gandhinagar,97.0,51.0,55.0,No
317,Student_317,Male,22.0,Electrical,Ahmedabad,45.0,91.0,91.0,Yes
318,Student_318,Male,19.0,Civil,Surat,77.0,36.0,78.0,No
319,Student_319,Male,19.0,Electrical,Gandhinagar,51.0,96.0,64.0,No
320,Student_320,Female,20.0,IT,Surat,38.0,43.0,78.0,No
321,Student_321,Female,22.0,Computer,Vadodara,97.0,51.0,53.0,No
322,Student_322,Male,,Computer,Vadodara,75.0,84.0,67.0,No
323,Student_323,Female,18.0,IT,Vadodara,39.0,74.0,99.0,Yes
324,Student_324,Female,19.0,IT,,66.0,92.0,98.0,Yes
325,Student_325,Female,,Civil,Vadodara,69.0,55.0,93.0,No
326,Student_326,Female,25.0,Computer,Gandhinagar,56.0,52.0,88.0,Yes
327,Student_327,Male,24.0,Electrical,,99.0,89.0,65.0,No
328,Student_328,Male,22.0,Mechanical,Rajkot,56.0,63.0,60.0,No
329,Student_329,Female,25.0,Mechanical,Gandhinagar,45.0,58.0,63.0,Yes
330,Student_330,Female,18.0,IT,,37.0,51.0,52.0,Yes
331,Student_331,Male,22.0,Civil,Vadodara,43.0,52.0,100.0,Yes
332,Student_332,Male,25.0,Mechanical,Ahmedabad,94.0,76.0,99.0,No
333,Student_333,Female,22.0,Computer,Surat,,79.0,91.0,No
334,Student_334,Male,22.0,IT,Ahmedabad,52.0,51.0,,No
335,Student_335,Female,24.0,Electrical,Surat,57.0,48.0,94.0,No
336,Student_336,Female,25.0,IT,Surat,81.0,83.0,91.0,Yes
337,Student_337,Male,25.0,Electrical,Ahmedabad,81.0,63.0,67.0,No
338,Student_338,Male,19.0,IT,Gandhinagar,64.0,38.0,69.0,Yes
339,Student_339,Female,18.0,IT,Surat,59.0,54.0,97.0,No
340,Student_340,Female,24.0,IT,,,81.0,74.0,No
341,Student_341,Male,22.0,Electrical,Surat,59.0,43.0,87.0,No
342,Student_342,Female,22.0,Electrical,Rajkot,92.0,61.0,62.0,No
343,Student_343,Male,19.0,IT,Gandhinagar,75.0,49.0,53.0,No
344,Student_344,Female,18.0,Mechanical,Vadodara,,53.0,63.0,No
345,Student_345,Male,20.0,Civil,Surat,82.0,86.0,82.0,No
346,Student_346,Male,24.0,Civil,Rajkot,44.0,60.0,77.0,Yes
347,Student_347,Male,19.0,Civil,Vadodara,45.0,60.0,86.0,No
348,Student_348,Female,18.0,Electrical,Vadodara,55.0,60.0,57.0,Yes
349,Student_349,Female,24.0,Electrical,Surat,79.0,80.0,,Yes
350,Student_350,Male,22.0,Mechanical,Ahmedabad,,,83.0,No
351,Student_351,Female,,Civil,Surat,98.0,87.0,,No
352,Student_352,Male,18.0,Civil,Rajkot,98.0,37.0,54.0,No
353,Student_353,Male,23.0,IT,Vadodara,36.0,76.0,54.0,No
354,Student_354,Female,18.0,Electrical,Surat,76.0,,80.0,No
355,Student_355,Female,20.0,Civil,Ahmedabad,88.0,51.0,,Yes
356,Student_356,Male,18.0,Mechanical,Surat,50.0,67.0,58.0,Yes
357,Student_357,Female,20.0,Mechanical,Gandhinagar,52.0,,91.0,No
358,Student_358,Female,22.0,Civil,Ahmedabad,93.0,90.0,,No
359,Student_359,Male,20.0,Electrical,Rajkot,50.0,97.0,82.0,No
360,Student_360,Male,24.0,Mechanical,Vadodara,40.0,37.0,,No
361,Student_361,Female,22.0,IT,Surat,91.0,83.0,79.0,Yes
362,Student_362,Male,22.0,Mechanical,Ahmedabad,81.0,89.0,99.0,No
363,Student_363,Male,20.0,Computer,Gandhinagar,82.0,60.0,61.0,No
364,Student_364,Female,25.0,Computer,Ahmedabad,76.0,86.0,78.0,Yes
365,Student_365,Male,,Electrical,Gandhinagar,94.0,41.0,52.0,No
366,Student_366,Male,21.0,Civil,Rajkot,38.0,,75.0,No
367,Student_367,Female,25.0,Electrical,Vadodara,36.0,80.0,79.0,Yes
368,Student_368,Female,18.0,Electrical,Rajkot,93.0,50.0,58.0,No
369,Student_369,Male,23.0,Electrical,Surat,61.0,58.0,,No
370,Student_370,Male,21.0,Electrical,Ahmedabad,61.0,95.0,51.0,Yes
371,Student_371,Female,18.0,IT,Gandhinagar,41.0,88.0,52.0,No
372,Student_372,Female,,IT,Gandhinagar,97.0,96.0,95.0,Yes
373,Student_373,Female,25.0,Mechanical,Ahmedabad,80.0,35.0,53.0,No
374,Student_374,Female,18.0,Computer,Ahmedabad,97.0,83.0,74.0,No
375,Student_375,Male,22.0,Electrical,Surat,46.0,59.0,100.0,No
376,Student_376,Female,18.0,Mechanical,Rajkot,47.0,44.0,62.0,No
377,Student_377,Female,23.0,Computer,Gandhinagar,77.0,50.0,,No
378,Student_378,Male,25.0,Civil,Surat,51.0,92.0,93.0,No
379,Student_379,Female,18.0,IT,Rajkot,,63.0,84.0,No
380,Student_380,Male,20.0,Computer,Surat,70.0,40.0,72.0,Yes
381,Student_381,Female,21.0,Civil,Gandhinagar,42.0,50.0,58.0,No
382,Student_382,Female,20.0,Computer,Ahmedabad,70.0,54.0,51.0,No
383,Student_383,Female,23.0,IT,Ahmedabad,62.0,,90.0,No
384,Student_384,Male,18.0,IT,Rajkot,81.0,60.0,,Yes
385,Student_385,Male,24.0,Mechanical,Vadodara,64.0,67.0,80.0,No
386,Student_386,Female,23.0,Electrical,Rajkot,57.0,60.0,93.0,No
387,Student_387,Male,22.0,Computer,Vadodara,50.0,79.0,96.0,No
388,Student_388,Male,20.0,Computer,Surat,48.0,97.0,51.0,No
389,Student_389,Male,20.0,Civil,Surat,86.0,86.0,81.0,Yes
390,Student_390,Male,19.0,IT,Gandhinagar,71.0,60.0,67.0,No
391,Student_391,Male,18.0,Computer,Vadodara,63.0,36.0,62.0,No
392,Student_392,Male,22.0,IT,Gandhinagar,49.0,,95.0,Yes
393,Student_393,Female,,Computer,Ahmedabad,81.0,64.0,54.0,No
394,Student_394,Female,20.0,Mechanical,Vadodara,,83.0,91.0,No
395,Student_395,Male,20.0,Electrical,Rajkot,86.0,46.0,93.0,Yes
396,Student_396,Female,22.0,Computer,Ahmedabad,53.0,78.0,59.0,No
397,Student_397,Female,,IT,Ahmedabad,55.0,67.0,92.0,No
398,Student_398,Female,23.0,Mechanical,Rajkot,98.0,,74.0,No
399,Student_399,Female,18.0,Computer,Ahmedabad,71.0,60.0,83.0,Yes
400,Student_400,Male,25.0,Civil,Vadodara,61.0,55.0,86.0,No
401,Student_401,Female,19.0,Electrical,Gandhinagar,89.0,62.0,79.0,No
402,Student_402,Female,20.0,Computer,Ahmedabad,63.0,82.0,,No
403,Student_403,Male,25.0,Mechanical,Vadodara,54.0,74.0,55.0,No
404,Student_404,Male,25.0,Civil,Surat,59.0,57.0,52.0,No
405,Student_405,Female,19.0,Mechanical,Vadodara,97.0,82.0,62.0,No
406,Student_406,Female,,Mechanical,Gandhinagar,70.0,,52.0,No
407,Student_407,Female,25.0,Civil,Vadodara,36.0,54.0,75.0,No
408,Student_408,Female,23.0,Mechanical,Rajkot,56.0,93.0,73.0,No
409,Student_409,Female,23.0,Civil,Gandhinagar,50.0,80.0,55.0,No
410,Student_410,Female,21.0,Computer,Surat,52.0,37.0,92.0,No
411,Student_411,Male,24.0,Civil,Rajkot,88.0,89.0,98.0,No
412,Student_412,Female,18.0,Civil,Vadodara,64.0,46.0,91.0,No
413,Student_413,Female,25.0,Electrical,Gandhinagar,79.0,74.0,61.0,No
414,Student_414,Male,21.0,Civil,,53.0,,,No
415,Student_415,Male,24.0,Civil,Rajkot,68.0,68.0,85.0,No
416,Student_416,Male,21.0,Computer,Surat,,78.0,51.0,No
417,Student_417,Male,21.0,Electrical,Vadodara,77.0,40.0,60.0,No
418,Student_418,Female,18.0,IT,,96.0,98.0,88.0,No
419,Student_419,Female,18.0,Computer,Ahmedabad,56.0,56.0,83.0,Yes
420,Student_420,Female,22.0,Computer,Rajkot,86.0,52.0,75.0,Yes
421,Student_421,Female,19.0,IT,Surat,86.0,46.0,67.0,No
422,Student_422,Female,19.0,Civil,Vadodara,70.0,86.0,70.0,Yes
423,Student_423,Female,22.0,Mechanical,Vadodara,,85.0,85.0,Yes
424,Student_424,Male,22.0,Electrical,Surat,72.0,82.0,89.0,No
425,Student_425,Female,23.0,Mechanical,Vadodara,,53.0,95.0,Yes
426,Student_426,Male,,IT,Gandhinagar,54.0,40.0,,Yes
427,Student_427,Male,21.0,Computer,Gandhinagar,43.0,61.0,,No
428,Student_428,Female,25.0,Computer,Gandhinagar,66.0,87.0,79.0,Yes
429,Student_429,Male,22.0,Electrical,Ahmedabad,38.0,82.0,99.0,No
430,Student_430,Female,,Computer,Surat,,41.0,92.0,No
431,Student_431,Male,19.0,Computer,Ahmedabad,39.0,93.0,79.0,No
432,Student_432,Female,22.0,Electrical,Vadodara,54.0,45.0,57.0,Yes
433,Student_433,Male,,Electrical,,71.0,49.0,83.0,No
434,Student_434,Female,20.0,IT,Vadodara,56.0,98.0,96.0,No
435,Student_435,Female,20.0,Computer,Vadodara,92.0,37.0,58.0,No
436,Student_436,Female,23.0,Computer,Rajkot,78.0,57.0,100.0,No
437,Student_437,Female,23.0,IT,Gandhinagar,68.0,87.0,69.0,No
438,Student_438,Female,25.0,Civil,,76.0,71.0,89.0,No
439,Student_439,Male,25.0,Civil,Rajkot,43.0,43.0,74.0,No
440,Student_440,Male,20.0,Civil,Gandhinagar,41.0,49.0,68.0,No
441,Student_441,Male,24.0,IT,Vadodara,53.0,37.0,54.0,No
442,Student_442,Female,23.0,Computer,Vadodara,65.0,,60.0,No
443,Student_443,Male,21.0,IT,Ahmedabad,69.0,60.0,64.0,Yes
444,Student_444,Female,20.0,IT,Ahmedabad,91.0,55.0,57.0,No
445,Student_445,Female,21.0,Civil,Gandhinagar,95.0,55.0,68.0,Yes
446,Student_446,Male,21.0,Mechanical,Vadodara,65.0,45.0,72.0,Yes
447,Student_447,Male,20.0,Computer,Surat,87.0,72.0,76.0,Yes
448,Student_448,Female,19.0,Civil,Ahmedabad,,69.0,89.0,No
449,Student_449,Male,24.0,Mechanical,Gandhinagar,,48.0,81.0,No
450,Student_450,Female,20.0,Mechanical,Vadodara,44.0,48.0,75.0,Yes
451,Student_451,Female,25.0,Electrical,Vadodara,,,,Yes
452,Student_452,Female,20.0,Computer,Surat,94.0,46.0,68.0,No
453,Student_453,Female,23.0,Mechanical,Gandhinagar,51.0,72.0,99.0,No
454,Student_454,Female,20.0,Civil,Vadodara,,68.0,91.0,No
455,Student_455,Male,19.0,Electrical,,50.0,75.0,78.0,No
456,Student_456,Male,23.0,Computer,Surat,80.0,44.0,88.0,No
457,Student_457,Female,25.0,IT,Gandhinagar,73.0,51.0,90.0,Yes
458,Student_458,Female,18.0,Civil,Surat,,51.0,82.0,No
459,Student_459,Male,18.0,Mechanical,Ahmedabad,35.0,96.0,68.0,No
460,Student_460,Male,,Mechanical,Gandhinagar,45.0,35.0,86.0,Yes
461,Student_461,Female,24.0,Civil,Surat,38.0,46.0,68.0,No
462,Student_462,Male,21.0,Mechanical,Rajkot,60.0,38.0,82.0,Yes
463,Student_463,Female,19.0,Electrical,Ahmedabad,84.0,,96.0,No
464,Student_464,Male,22.0,Computer,Ahmedabad,46.0,47.0,65.0,No
465,Student_465,Female,25.0,Electrical,Ahmedabad,99.0,38.0,72.0,No
466,Student_466,Male,24.0,Mechanical,Rajkot,81.0,53.0,56.0,No
467,Student_467,Female,25.0,IT,Rajkot,87.0,36.0,75.0,No
468,Student_468,Male,,Computer,Vadodara,36.0,46.0,81.0,Yes
469,Student_469,Male,21.0,Computer,Surat,58.0,40.0,61.0,Yes
470,Student_470,Female,25.0,Civil,Vadodara,38.0,42.0,57.0,No
471,Student_471,Male,18.0,Civil,Surat,53.0,85.0,54.0,No
472,Student_472,Female,19.0,IT,Rajkot,60.0,45.0,91.0,Yes
473,Student_473,Male,19.0,Computer,,74.0,97.0,77.0,No
474,Student_474,Female,22.0,IT,Vadodara,84.0,91.0,54.0,Yes
475,Student_475,Male,25.0,Civil,Gandhinagar,77.0,46.0,98.0,No
476,Student_476,Female,22.0,Civil,Vadodara,46.0,36.0,75.0,Yes
477,Student_477,Male,23.0,Computer,Surat,,,54.0,No
478,Student_478,Female,24.0,Electrical,Vadodara,,45.0,71.0,No
479,Student_479,Male,25.0,Mechanical,Ahmedabad,83.0,87.0,64.0,Yes
480,Student_480,Female,19.0,Civil,Surat,50.0,44.0,62.0,No
481,Student_481,Female,21.0,Civil,Surat,36.0,42.0,77.0,No
482,Student_482,Female,18.0,Electrical,Gandhinagar,94.0,70.0,82.0,Yes
483,Student_483,Male,20.0,Electrical,Rajkot,88.0,48.0,92.0,Yes
484,Student_484,Female,22.0,IT,Surat,64.0,88.0,72.0,Yes
485,Student_485,Male,20.0,IT,Rajkot,72.0,55.0,82.0,Yes
486,Student_486,Female,25.0,Mechanical,Vadodara,62.0,84.0,92.0,No
487,Student_487,Male,21.0,Mechanical,Ahmedabad,59.0,73.0,67.0,No
488,Student_488,Female,22.0,Computer,Gandhinagar,44.0,54.0,99.0,No
489,Student_489,Male,20.0,IT,Rajkot,,41.0,79.0,Yes
490,Student_490,Male,24.0,Civil,Surat,76.0,43.0,75.0,Yes
491,Student_491,Female,,IT,Rajkot,74.0,35.0,,Yes
492,Student_492,Male,18.0,Civil,Surat,76.0,60.0,62.0,No
493,Student_493,Male,24.0,Electrical,Rajkot,81.0,,88.0,No
494,Student_494,Female,21.0,IT,Surat,71.0,72.0,,Yes
495,Student_495,Male,,Electrical,Vadodara,56.0,95.0,75.0,No
496,Student_496,Male,22.0,Mechanical,Surat,91.0,78.0,97.0,No
497,Student_497,Male,19.0,Mechanical,Surat,61.0,78.0,50.0,No
498,Student_498,Female,18.0,Computer,Ahmedabad,,96.0,98.0,No
499,Student_499,Male,25.0,IT,Surat,68.0,40.0,87.0,No
500,Student_500,Female,24.0,Electrical,Ahmedabad,66.0,51.0,51.0,No
501,Student_501,Male,24.0,Civil,Gandhinagar,46.0,,98.0,No
502,Student_502,Male,20.0,Mechanical,Ahmedabad,74.0,72.0,55.0,No
503,Student_503,Male,22.0,Mechanical,Vadodara,44.0,58.0,95.0,Yes
504,Student_504,Female,25.0,Civil,Ahmedabad,,85.0,99.0,No
505,Student_505,Male,19.0,Electrical,Gandhinagar,54.0,44.0,87.0,Yes
506,Student_506,Male,21.0,Electrical,Vadodara,,55.0,91.0,No
507,Student_507,Female,19.0,IT,Rajkot,94.0,91.0,73.0,Yes
508,Student_508,Male,22.0,IT,Rajkot,99.0,,67.0,No
509,Student_509,Female,22.0,Computer,Ahmedabad,85.0,67.0,76.0,No
510,Student_510,Female,23.0,Mechanical,Ahmedabad,70.0,93.0,,No
511,Student_511,Male,23.0,IT,,58.0,52.0,57.0,Yes
512,Student_512,Female,19.0,Electrical,Gandhinagar,61.0,,77.0,No
513,Student_513,Male,21.0,Civil,Surat,,91.0,59.0,No
514,Student_514,Female,19.0,Electrical,Gandhinagar,65.0,82.0,66.0,No
515,Student_515,Female,22.0,Mechanical,Surat,91.0,76.0,,Yes
516,Student_516,Male,22.0,Electrical,Vadodara,63.0,61.0,55.0,No
517,Student_517,Female,,Computer,Ahmedabad,49.0,86.0,63.0,Yes
518,Student_518,Female,23.0,Mechanical,Vadodara,46.0,76.0,71.0,Yes
519,Student_519,Female,,Civil,Gandhinagar,62.0,66.0,55.0,No
520,Student_520,Female,25.0,Computer,Vadodara,58.0,60.0,75.0,No
521,Student_521,Female,25.0,Mechanical,Vadodara,55.0,59.0,88.0,No
522,Student_522,Male,20.0,Civil,Vadodara,44.0,57.0,61.0,No
523,Student_523,Female,18.0,Computer,Gandhinagar,52.0,91.0,84.0,No
524,Student_524,Male,25.0,Computer,Vadodara,48.0,86.0,63.0,No
525,Student_525,Female,22.0,Mechanical,Surat,68.0,65.0,71.0,No
526,Student_526,Male,20.0,IT,Gandhinagar,92.0,98.0,100.0,No
527,Student_527,Male,19.0,Computer,Vadodara,56.0,67.0,72.0,Yes
528,Student_528,Female,23.0,Computer,Gandhinagar,70.0,36.0,97.0,No
529,Student_529,Female,23.0,Civil,Rajkot,79.0,52.0,56.0,No
530,Student_530,Female,21.0,Electrical,Surat,70.0,81.0,89.0,Yes
531,Student_531,Male,19.0,Mechanical,Vadodara,56.0,67.0,99.0,No
532,Student_532,Female,21.0,Mechanical,Rajkot,95.0,,74.0,No
533,Student_533,Male,20.0,IT,Rajkot,90.0,85.0,62.0,No
534,Student_534,Male,24.0,IT,Gandhinagar,67.0,52.0,70.0,No
535,Student_535,Male,,Mechanical,Rajkot,79.0,64.0,,No
536,Student_536,Female,18.0,IT,Surat,70.0,78.0,59.0,No
537,Student_537,Female,19.0,Civil,Surat,54.0,,58.0,No
538,Student_538,Male,19.0,Mechanical,Ahmedabad,52.0,44.0,64.0,No
539,Student_539,Male,19.0,IT,Surat,72.0,86.0,51.0,No
540,Student_540,Female,21.0,Mechanical,Rajkot,57.0,83.0,74.0,Yes
541,Student_541,Male,20.0,Electrical,Surat,50.0,45.0,62.0,Yes
542,Student_542,Female,19.0,Computer,Gandhinagar,93.0,92.0,83.0,No
543,Student_543,Male,24.0,Mechanical,Ahmedabad,55.0,70.0,100.0,No
544,Student_544,Female,,Computer,Rajkot,46.0,67.0,83.0,No
545,Student_545,Male,23.0,IT,Ahmedabad,50.0,81.0,,No
546,Student_546,Female,25.0,Computer,Rajkot,48.0,47.0,87.0,Yes
547,Student_547,Male,,Mechanical,Gandhinagar,95.0,74.0,52.0,Yes
548,Student_548,Female,25.0,Electrical,Ahmedabad,80.0,76.0,91.0,No
549,Student_549,Female,23.0,IT,Vadodara,66.0,53.0,55.0,Yes
550,Student_550,Male,23.0,Mechanical,,49.0,53.0,97.0,Yes
551,Student_551,Male,18.0,IT,Vadodara,78.0,92.0,,Yes
552,Student_552,Female,24.0,Civil,Ahmedabad,51.0,57.0,68.0,No
553,Student_553,Male,20.0,Computer,Vadodara,75.0,88.0,52.0,No
554,Student_554,Female,23.0,Civil,Vadodara,88.0,99.0,67.0,Yes
555,Student_555,Male,20.0,Mechanical,Ahmedabad,78.0,46.0,88.0,No
556,Student_556,Female,23.0,Electrical,Gandhinagar,39.0,58.0,58.0,No
557,Student_557,Female,22.0,IT,Vadodara,61.0,,61.0,No
558,Student_558,Female,18.0,Computer,Vadodara,77.0,87.0,54.0,Yes
559,Student_559,Female,23.0,IT,Gandhinagar,,42.0,52.0,No
560,Student_560,Female,22.0,Mechanical,Vadodara,51.0,52.0,60.0,No
561,Student_561,Female,25.0,IT,Vadodara,88.0,91.0,79.0,No
562,Student_562,Male,,Computer,Vadodara,96.0,39.0,53.0,No
563,Student_563,Male,22.0,Mechanical,Surat,66.0,,54.0,Yes
564,Student_564,Male,19.0,IT,Gandhinagar,74.0,64.0,50.0,No
565,Student_565,Female,,Electrical,,47.0,88.0,76.0,No
566,Student_566,Female,22.0,Mechanical,Gandhinagar,69.0,47.0,77.0,Yes
567,Student_567,Female,20.0,Mechanical,Rajkot,39.0,63.0,78.0,No
568,Student_568,Female,21.0,Electrical,Rajkot,63.0,37.0,67.0,Yes
569,Student_569,Male,24.0,Civil,Vadodara,59.0,92.0,61.0,No
570,Student_570,Male,23.0,Computer,Gandhinagar,56.0,36.0,62.0,No
571,Student_571,Female,19.0,Civil,,79.0,62.0,90.0,No
572,Student_572,Male,24.0,IT,Gandhinagar,35.0,36.0,51.0,No
573,Student_573,Male,,Electrical,,78.0,41.0,86.0,No
574,Student_574,Female,24.0,Civil,Rajkot,73.0,60.0,94.0,No
575,Student_575,Male,24.0,Mechanical,Gandhinagar,88.0,50.0,65.0,No
576,Student_576,Female,21.0,IT,Gandhinagar,63.0,57.0,97.0,No
577,Student_577,Male,25.0,IT,Surat,88.0,74.0,73.0,No
578,Student_578,Female,24.0,Civil,Surat,50.0,94.0,84.0,Yes
579,Student_579,Female,24.0,Civil,Gandhinagar,54.0,66.0,71.0,No
580,Student_580,Female,,Electrical,Ahmedabad,80.0,49.0,85.0,No
581,Student_581,Female,25.0,Computer,Gandhinagar,99.0,47.0,60.0,Yes
582,Student_582,Male,21.0,Civil,Gandhinagar,92.0,39.0,95.0,No
583,Student_583,Female,19.0,Civil,Surat,87.0,86.0,78.0,No
584,Student_584,Female,22.0,Mechanical,Surat,35.0,75.0,84.0,Yes
585,Student_585,Female,21.0,IT,Gandhinagar,63.0,87.0,97.0,No
586,Student_586,Male,,Computer,Gandhinagar,42.0,84.0,64.0,No
587,Student_587,Female,18.0,Mechanical,Gandhinagar,63.0,49.0,80.0,No
588,Student_588,Male,21.0,Electrical,Surat,85.0,41.0,91.0,Yes
589,Student_589,Female,25.0,Electrical,Gandhinagar,67.0,74.0,90.0,Yes
590,Student_590,Male,18.0,Civil,Gandhinagar,37.0,62.0,92.0,No
591,Student_591,Male,22.0,Civil,Vadodara,94.0,66.0,65.0,No
592,Student_592,Female,24.0,Electrical,Ahmedabad,69.0,49.0,59.0,No
593,Student_593,Male,23.0,Civil,Rajkot,54.0,99.0,98.0,No
594,Student_594,Female,23.0,Computer,Ahmedabad,73.0,38.0,81.0,Yes
595,Student_595,Female,22.0,Civil,Vadodara,38.0,45.0,100.0,No
596,Student_596,Female,22.0,IT,Rajkot,53.0,60.0,51.0,Yes
597,Student_597,Male,25.0,Civil,,79.0,95.0,73.0,No
598,Student_598,Male,20.0,Mechanical,Vadodara,,71.0,72.0,No
599,Student_599,Female,24.0,Computer,Gandhinagar,47.0,57.0,51.0,No
600,Student_600,Female,22.0,Mechanical,Surat,47.0,74.0,87.0,No
601,Student_601,Male,21.0,Mechanical,Vadodara,94.0,57.0,80.0,Yes
602,Student_602,Female,25.0,IT,Surat,91.0,50.0,100.0,No
603,Student_603,Female,23.0,Computer,Vadodara,86.0,95.0,,No
604,Student_604,Female,19.0,Computer,Vadodara,87.0,65.0,75.0,No
605,Student_605,Male,25.0,Computer,Surat,77.0,87.0,78.0,Yes
606,Student_606,Male,23.0,Computer,Rajkot,76.0,59.0,52.0,No
607,Student_607,Male,18.0,Computer,Ahmedabad,60.0,78.0,,No
608,Student_608,Female,25.0,IT,Gandhinagar,57.0,46.0,74.0,Yes
609,Student_609,Female,23.0,Civil,,77.0,43.0,97.0,No
610,Student_610,Female,20.0,Mechanical,Gandhinagar,62.0,46.0,50.0,No
611,Student_611,Male,25.0,Computer,Surat,43.0,88.0,52.0,No
612,Student_612,Female,25.0,Civil,Gandhinagar,54.0,88.0,75.0,Yes
613,Student_613,Female,24.0,Civil,Surat,90.0,62.0,,Yes
614,Student_614,Female,22.0,Mechanical,Gandhinagar,73.0,90.0,58.0,Yes
615,Student_615,Female,24.0,IT,Ahmedabad,85.0,92.0,87.0,No
616,Student_616,Male,25.0,Electrical,Ahmedabad,46.0,76.0,72.0,No
617,Student_617,Male,22.0,Electrical,Ahmedabad,89.0,72.0,70.0,Yes
618,Student_618,Female,23.0,Civil,Ahmedabad,45.0,87.0,50.0,No
619,Student_619,Male,19.0,Mechanical,Ahmedabad,60.0,67.0,70.0,No
620,Student_620,Male,19.0,Electrical,Ahmedabad,76.0,90.0,76.0,Yes
621,Student_621,Female,25.0,Civil,Surat,61.0,85.0,91.0,No
622,Student_622,Female,20.0,IT,Vadodara,45.0,77.0,55.0,No
623,Student_623,Male,18.0,Electrical,Gandhinagar,72.0,49.0,93.0,No
624,Student_624,Female,,Civil,Ahmedabad,77.0,72.0,85.0,No
625,Student_625,Male,22.0,Civil,Surat,53.0,49.0,77.0,Yes
626,Student_626,Female,25.0,Computer,,98.0,39.0,94.0,No
627,Student_627,Male,23.0,IT,Surat,,88.0,66.0,No
628,Student_628,Female,25.0,Computer,Vadodara,80.0,85.0,89.0,No
629,Student_629,Male,20.0,Mechanical,Gandhinagar,76.0,44.0,52.0,No
630,Student_630,Male,21.0,Computer,Vadodara,99.0,46.0,61.0,No
631,Student_631,Male,21.0,Computer,Rajkot,93.0,38.0,88.0,No
632,Student_632,Female,20.0,Electrical,Surat,86.0,52.0,61.0,No
633,Student_633,Male,22.0,Civil,Rajkot,81.0,70.0,51.0,No
634,Student_634,Male,,IT,Ahmedabad,41.0,59.0,95.0,No
635,Student_635,Female,20.0,Computer,,45.0,70.0,71.0,No
636,Student_636,Female,25.0,IT,Vadodara,95.0,43.0,72.0,Yes
637,Student_637,Male,22.0,Computer,Gandhinagar,59.0,95.0,79.0,Yes
638,Student_638,Male,19.0,Mechanical,Rajkot,46.0,87.0,54.0,Yes
639,Student_639,Female,20.0,Computer,Gandhinagar,60.0,52.0,58.0,No
640,Student_640,Female,22.0,Electrical,Vadodara,46.0,77.0,70.0,No
641,Student_641,Female,20.0,Civil,Ahmedabad,77.0,69.0,60.0,No
642,Student_642,Female,20.0,Mechanical,Gandhinagar,85.0,97.0,54.0,No
643,Student_643,Female,24.0,Computer,Gandhinagar,71.0,38.0,84.0,No
644,Student_644,Male,24.0,IT,Ahmedabad,80.0,75.0,76.0,Yes
645,Student_645,Female,25.0,Mechanical,Rajkot,87.0,79.0,98.0,No
646,Student_646,Male,22.0,Mechanical,Ahmedabad,,84.0,51.0,No
647,Student_647,Male,22.0,Computer,Gandhinagar,88.0,62.0,73.0,No
648,Student_648,Male,18.0,Mechanical,Rajkot,91.0,76.0,80.0,Yes
649,Student_649,Female,20.0,IT,Rajkot,38.0,35.0,82.0,No
650,Student_650,Male,21.0,Mechanical,Ahmedabad,83.0,73.0,88.0,No
651,Student_651,Male,20.0,IT,Gandhinagar,41.0,,79.0,No
652,Student_652,Female,20.0,Computer,Vadodara,45.0,69.0,95.0,No
653,Student_653,Male,22.0,Civil,Gandhinagar,88.0,80.0,86.0,No
654,Student_654,Male,20.0,Mechanical,Surat,79.0,76.0,100.0,Yes
655,Student_655,Female,23.0,Civil,Vadodara,57.0,73.0,77.0,No
656,Student_656,Male,,IT,Rajkot,62.0,83.0,80.0,No
657,Student_657,Male,23.0,Mechanical,Vadodara,91.0,96.0,60.0,No
658,Student_658,Male,24.0,Electrical,Rajkot,60.0,72.0,72.0,No
659,Student_659,Female,21.0,Civil,Rajkot,59.0,57.0,,No
660,Student_660,Female,25.0,Mechanical,Vadodara,88.0,56.0,89.0,Yes
661,Student_661,Female,22.0,Civil,Rajkot,63.0,38.0,90.0,No
662,Student_662,Male,20.0,Mechanical,Rajkot,70.0,83.0,76.0,No
663,Student_663,Male,23.0,Computer,Surat,48.0,93.0,84.0,No
664,Student_664,Female,23.0,Civil,Gandhinagar,69.0,36.0,51.0,Yes
665,Student_665,Male,24.0,Electrical,,64.0,83.0,88.0,No
666,Student_666,Male,23.0,Electrical,,,65.0,86.0,No
667,Student_667,Female,25.0,IT,,64.0,74.0,70.0,No
668,Student_668,Female,19.0,Mechanical,,79.0,82.0,54.0,No
669,Student_669,Male,18.0,Civil,,85.0,85.0,94.0,No
670,Student_670,Male,25.0,IT,,81.0,77.0,70.0,No
671,Student_671,Male,21.0,Civil,Surat,87.0,89.0,78.0,Yes
672,Student_672,Female,25.0,Mechanical,Surat,,83.0,69.0,No
673,Student_673,Female,24.0,Electrical,Rajkot,,91.0,,No
674,Student_674,Female,24.0,Computer,Ahmedabad,98.0,49.0,69.0,No
675,Student_675,Female,25.0,Electrical,Vadodara,41.0,,99.0,No
676,Student_676,Male,20.0,IT,Vadodara,56.0,98.0,74.0,Yes
677,Student_677,Female,19.0,Computer,Ahmedabad,75.0,64.0,51.0,Yes
678,Student_678,Female,20.0,IT,Ahmedabad,44.0,70.0,81.0,No
679,Student_679,Female,20.0,Mechanical,Ahmedabad,91.0,83.0,75.0,No
680,Student_680,Female,25.0,Computer,Surat,41.0,89.0,55.0,No
681,Student_681,Female,22.0,IT,Surat,84.0,90.0,,No
682,Student_682,Male,22.0,Mechanical,Surat,86.0,,52.0,No
683,Student_683,Male,22.0,Electrical,Gandhinagar,67.0,65.0,82.0,No
684,Student_684,Female,19.0,Mechanical,Vadodara,35.0,92.0,50.0,No
685,Student_685,Male,20.0,Civil,Vadodara,87.0,87.0,100.0,No
686,Student_686,Female,18.0,Mechanical,Rajkot,94.0,57.0,54.0,No
687,Student_687,Female,21.0,Mechanical,Surat,68.0,62.0,62.0,No
688,Student_688,Male,22.0,Civil,,,50.0,68.0,Yes
689,Student_689,Male,22.0,IT,Gandhinagar,51.0,71.0,61.0,No
690,Student_690,Female,24.0,IT,Vadodara,38.0,55.0,97.0,No
691,Student_691,Female,20.0,Mechanical,Surat,77.0,51.0,74.0,No
692,Student_692,Female,20.0,Civil,Rajkot,38.0,71.0,100.0,No
693,Student_693,Male,19.0,Civil,Surat,35.0,53.0,84.0,No
694,Student_694,Female,19.0,Electrical,Ahmedabad,84.0,,61.0,No
695,Student_695,Female,,IT,Surat,95.0,79.0,79.0,Yes
696,Student_696,Female,20.0,Computer,Ahmedabad,69.0,52.0,,No
697,Student_697,Male,18.0,IT,Ahmedabad,42.0,96.0,83.0,No
698,Student_698,Female,21.0,IT,Rajkot,,70.0,,No
699,Student_699,Female,,Electrical,Vadodara,,86.0,88.0,No
700,Student_700,Male,,Computer,Surat,84.0,53.0,62.0,Yes
701,Student_701,Female,24.0,Electrical,Ahmedabad,77.0,78.0,96.0,No
702,Student_702,Female,25.0,Computer,Surat,61.0,41.0,,No
703,Student_703,Male,20.0,Mechanical,Vadodara,66.0,78.0,69.0,No
704,Student_704,Female,23.0,Computer,Vadodara,52.0,,80.0,No
705,Student_705,Male,,Electrical,Gandhinagar,62.0,89.0,54.0,No
706,Student_706,Male,24.0,IT,Vadodara,63.0,44.0,73.0,Yes
707,Student_707,Female,21.0,Computer,Rajkot,,76.0,89.0,No
708,Student_708,Female,22.0,Computer,Ahmedabad,81.0,75.0,82.0,No
709,Student_709,Female,24.0,Civil,Gandhinagar,93.0,44.0,57.0,Yes
710,Student_710,Female,20.0,IT,Rajkot,65.0,,73.0,Yes
711,Student_711,Male,22.0,Mechanical,Surat,38.0,94.0,99.0,Yes
712,Student_712,Female,20.0,Electrical,Ahmedabad,71.0,85.0,69.0,Yes
713,Student_713,Male,22.0,Mechanical,Vadodara,51.0,55.0,65.0,No
714,Student_714,Female,21.0,IT,Ahmedabad,73.0,42.0,99.0,No
715,Student_715,Female,19.0,Computer,Surat,82.0,99.0,61.0,No
716,Student_716,Female,21.0,Computer,Gandhinagar,80.0,64.0,62.0,No
717,Student_717,Male,23.0,IT,Gandhinagar,82.0,83.0,94.0,No
718,Student_718,Female,18.0,Computer,Gandhinagar,73.0,43.0,91.0,No
719,Student_719,Female,19.0,Computer,Vadodara,38.0,51.0,88.0,No
720,Student_720,Female,21.0,Computer,Rajkot,64.0,92.0,74.0,No
721,Student_721,Female,,Electrical,Rajkot,64.0,91.0,,No
722,Student_722,Male,18.0,Electrical,,56.0,96.0,81.0,No
723,Student_723,Female,,Civil,Vadodara,46.0,86.0,73.0,No
724,Student_724,Male,,Mechanical,Gandhinagar,70.0,95.0,,Yes
725,Student_725,Male,25.0,IT,,52.0,74.0,96.0,No
726,Student_726,Male,20.0,IT,Surat,87.0,72.0,93.0,No
727,Student_727,Male,22.0,IT,Surat,35.0,77.0,58.0,No
728,Student_728,Male,19.0,Civil,Gandhinagar,92.0,97.0,,No
729,Student_729,Male,20.0,Electrical,Gandhinagar,40.0,53.0,99.0,No
730,Student_730,Female,24.0,Civil,,78.0,84.0,72.0,No
731,Student_731,Male,23.0,IT,Rajkot,58.0,67.0,99.0,No
732,Student_732,Male,19.0,Mechanical,Surat,53.0,47.0,62.0,No
733,Student_733,Male,25.0,Computer,Rajkot,52.0,96.0,81.0,No
734,Student_734,Female,24.0,Electrical,,,77.0,99.0,No
735,Student_735,Female,20.0,Electrical,Gandhinagar,76.0,83.0,64.0,No
736,Student_736,Male,22.0,Civil,Rajkot,67.0,70.0,85.0,Yes
737,Student_737,Female,21.0,Electrical,Gandhinagar,46.0,44.0,98.0,No
738,Student_738,Male,22.0,IT,Gandhinagar,61.0,40.0,54.0,Yes
739,Student_739,Male,24.0,IT,Ahmedabad,73.0,91.0,71.0,No
740,Student_740,Female,18.0,Civil,Rajkot,43.0,35.0,65.0,No
741,Student_741,Male,20.0,IT,,55.0,92.0,90.0,Yes
742,Student_742,Female,24.0,Mechanical,Gandhinagar,63.0,55.0,59.0,Yes
743,Student_743,Female,18.0,Civil,Vadodara,67.0,90.0,73.0,No
744,Student_744,Male,,Mechanical,Ahmedabad,96.0,54.0,67.0,No
745,Student_745,Male,23.0,Computer,Gandhinagar,49.0,88.0,98.0,Yes
746,Student_746,Female,19.0,Mechanical,Surat,36.0,59.0,67.0,No
747,Student_747,Male,23.0,Computer,Surat,86.0,62.0,56.0,Yes
748,Student_748,Male,20.0,Computer,Ahmedabad,78.0,39.0,53.0,No
749,Student_749,Male,18.0,Mechanical,Vadodara,88.0,55.0,75.0,No
750,Student_750,Female,25.0,Civil,Gandhinagar,,52.0,,No
751,Student_751,Female,24.0,IT,Rajkot,37.0,,65.0,No
752,Student_752,Male,21.0,IT,Ahmedabad,41.0,91.0,84.0,No
753,Student_753,Female,18.0,Computer,,77.0,53.0,75.0,No
754,Student_754,Female,24.0,Computer,Rajkot,72.0,99.0,67.0,Yes
755,Student_755,Female,25.0,Civil,Surat,71.0,,78.0,Yes
756,Student_756,Female,21.0,Electrical,Surat,92.0,76.0,72.0,Yes
757,Student_757,Female,23.0,Mechanical,Rajkot,67.0,55.0,63.0,No
758,Student_758,Male,23.0,Computer,Ahmedabad,93.0,74.0,64.0,Yes
759,Student_759,Male,19.0,IT,Surat,45.0,59.0,98.0,No
760,Student_760,Male,24.0,Civil,Gandhinagar,56.0,89.0,,No
761,Student_761,Female,18.0,Mechanical,Rajkot,,86.0,74.0,No
762,Student_762,Female,22.0,Civil,Rajkot,40.0,78.0,70.0,No
763,Student_763,Male,23.0,Mechanical,Surat,76.0,90.0,66.0,No
764,Student_764,Female,23.0,Mechanical,Ahmedabad,,89.0,72.0,No
765,Student_765,Male,19.0,Computer,Gandhinagar,91.0,,92.0,No
766,Student_766,Male,21.0,Civil,Ahmedabad,89.0,41.0,66.0,No
767,Student_767,Male,19.0,Civil,Vadodara,50.0,97.0,63.0,No
768,Student_768,Female,25.0,IT,Vadodara,48.0,76.0,78.0,Yes
769,Student_769,Female,18.0,IT,Surat,73.0,76.0,69.0,No
770,Student_770,Male,24.0,Computer,Surat,62.0,93.0,79.0,No
771,Student_771,Male,20.0,Computer,Surat,85.0,54.0,68.0,Yes
772,Student_772,Male,20.0,Electrical,Vadodara,,51.0,88.0,No
773,Student_773,Male,24.0,IT,Ahmedabad,43.0,61.0,62.0,Yes
774,Student_774,Female,21.0,Mechanical,Ahmedabad,92.0,81.0,67.0,No
775,Student_775,Female,25.0,Civil,Surat,79.0,36.0,72.0,Yes
776,Student_776,Male,23.0,Computer,Gandhinagar,56.0,97.0,95.0,No
777,Student_777,Male,21.0,Civil,Ahmedabad,66.0,96.0,82.0,No
778,Student_778,Female,23.0,Civil,Vadodara,76.0,53.0,88.0,No
779,Student_779,Female,23.0,Electrical,Rajkot,87.0,51.0,89.0,No
780,Student_780,Male,20.0,IT,Rajkot,93.0,73.0,67.0,No
781,Student_781,Male,21.0,Computer,Rajkot,73.0,,58.0,No
782,Student_782,Male,25.0,Civil,Gandhinagar,49.0,70.0,82.0,Yes
783,Student_783,Female,19.0,Computer,Surat,63.0,,81.0,No
784,Student_784,Female,23.0,Mechanical,Vadodara,,79.0,66.0,No
785,Student_785,Female,22.0,Electrical,Gandhinagar,44.0,38.0,68.0,No
786,Student_786,Male,22.0,Mechanical,Vadodara,63.0,59.0,76.0,No
787,Student_787,Male,19.0,Computer,Vadodara,69.0,64.0,55.0,No
788,Student_788,Female,22.0,Computer,Surat,40.0,63.0,84.0,No
789,Student_789,Female,18.0,IT,,46.0,,86.0,No
790,Student_790,Male,23.0,Civil,Surat,72.0,,83.0,No
791,Student_791,Female,19.0,Civil,Gandhinagar,53.0,48.0,69.0,Yes
792,Student_792,Female,21.0,Mechanical,,42.0,52.0,74.0,Yes
793,Student_793,Male,23.0,Electrical,Gandhinagar,42.0,76.0,53.0,Yes
794,Student_794,Female,,Civil,Surat,81.0,91.0,59.0,No
795,Student_795,Male,20.0,IT,Vadodara,38.0,46.0,59.0,Yes
796,Student_796,Male,25.0,Mechanical,Vadodara,85.0,51.0,73.0,No
797,Student_797,Male,21.0,Mechanical,Ahmedabad,79.0,64.0,70.0,No
798,Student_798,Male,25.0,IT,Gandhinagar,42.0,,60.0,Yes
799,Student_799,Male,20.0,Electrical,Vadodara,50.0,35.0,76.0,No
800,Student_800,Male,23.0,IT,Ahmedabad,43.0,66.0,65.0,No
801,Student_801,Male,21.0,Electrical,,94.0,43.0,75.0,Yes
802,Student_802,Female,25.0,IT,Gandhinagar,49.0,49.0,79.0,No
803,Student_803,Male,22.0,IT,Rajkot,75.0,62.0,98.0,Yes
804,Student_804,Male,25.0,Computer,Gandhinagar,56.0,58.0,65.0,No
805,Student_805,Female,19.0,Mechanical,Surat,58.0,94.0,56.0,No
806,Student_806,Female,23.0,IT,Vadodara,78.0,69.0,65.0,No
807,Student_807,Female,18.0,IT,Vadodara,35.0,61.0,84.0,No
808,Student_808,Male,25.0,Civil,,44.0,54.0,65.0,No
809,Student_809,Female,21.0,Mechanical,Surat,,99.0,89.0,No
810,Student_810,Male,21.0,Civil,Rajkot,84.0,83.0,61.0,Yes
811,Student_811,Male,24.0,Mechanical,Vadodara,46.0,35.0,84.0,Yes
812,Student_812,Male,25.0,Civil,Vadodara,94.0,44.0,98.0,No
813,Student_813,Male,23.0,IT,Rajkot,60.0,81.0,70.0,No
814,Student_814,Female,23.0,IT,,75.0,,99.0,No
815,Student_815,Female,20.0,Computer,Rajkot,,96.0,92.0,No
816,Student_816,Male,24.0,Civil,Gandhinagar,57.0,52.0,85.0,No
817,Student_817,Male,25.0,Electrical,Vadodara,77.0,,97.0,Yes
818,Student_818,Male,22.0,Computer,Surat,40.0,,66.0,No
819,Student_819,Female,20.0,Civil,Gandhinagar,77.0,61.0,81.0,No
820,Student_820,Male,24.0,Civil,Vadodara,59.0,52.0,90.0,Yes
821,Student_821,Male,25.0,Computer,Rajkot,52.0,73.0,55.0,Yes
822,Student_822,Female,25.0,IT,Gandhinagar,,83.0,73.0,Yes
823,Student_823,Female,20.0,Civil,Vadodara,47.0,78.0,76.0,No
824,Student_824,Male,22.0,IT,Ahmedabad,77.0,88.0,69.0,No
825,Student_825,Female,24.0,Computer,Ahmedabad,62.0,68.0,74.0,Yes
826,Student_826,Female,25.0,IT,,52.0,70.0,51.0,Yes
827,Student_827,Male,25.0,Mechanical,Vadodara,93.0,52.0,58.0,No
828,Student_828,Female,24.0,Electrical,Ahmedabad,94.0,72.0,77.0,No
829,Student_829,Male,18.0,Civil,Rajkot,97.0,93.0,87.0,No
830,Student_830,Female,20.0,Electrical,Vadodara,91.0,43.0,52.0,No
831,Student_831,Male,20.0,IT,Rajkot,85.0,85.0,69.0,No
832,Student_832,Male,21.0,Civil,Rajkot,90.0,,55.0,No
833,Student_833,Male,22.0,IT,Ahmedabad,61.0,39.0,88.0,No
834,Student_834,Female,19.0,Mechanical,Vadodara,66.0,48.0,82.0,No
835,Student_835,Male,18.0,Computer,Gandhinagar,43.0,64.0,50.0,Yes
836,Student_836,Female,24.0,Civil,,80.0,38.0,,Yes
837,Student_837,Male,24.0,Mechanical,,60.0,73.0,55.0,Yes
838,Student_838,Male,24.0,Mechanical,Vadodara,42.0,98.0,94.0,No
839,Student_839,Female,18.0,Civil,,40.0,59.0,83.0,No
840,Student_840,Male,25.0,IT,Rajkot,58.0,62.0,96.0,No
841,Student_841,Male,24.0,Mechanical,Vadodara,82.0,56.0,64.0,Yes
842,Student_842,Female,24.0,Electrical,Rajkot,79.0,,94.0,No
843,Student_843,Male,22.0,Mechanical,,47.0,57.0,75.0,No
844,Student_844,Male,23.0,IT,Surat,59.0,,63.0,Yes
845,Student_845,Male,23.0,IT,Gandhinagar,54.0,54.0,56.0,No
846,Student_846,Male,21.0,Electrical,Ahmedabad,79.0,72.0,95.0,No
847,Student_847,Female,21.0,Mechanical,Vadodara,,89.0,,No
848,Student_848,Female,24.0,IT,Gandhinagar,97.0,35.0,73.0,Yes
849,Student_849,Male,,Civil,Surat,89.0,,,Yes
850,Student_850,Female,24.0,Computer,Surat,53.0,91.0,78.0,No
851,Student_851,Male,,Computer,Rajkot,69.0,,91.0,Yes
852,Student_852,Female,18.0,Computer,Gandhinagar,87.0,39.0,81.0,No
853,Student_853,Male,18.0,Mechanical,Rajkot,60.0,84.0,66.0,No
854,Student_854,Male,25.0,Electrical,Ahmedabad,48.0,76.0,63.0,No
855,Student_855,Male,19.0,IT,Gandhinagar,79.0,,89.0,No
856,Student_856,Male,,Civil,Ahmedabad,,52.0,85.0,No
857,Student_857,Male,22.0,Civil,Rajkot,99.0,51.0,97.0,Yes
858,Student_858,Male,20.0,Mechanical,,85.0,96.0,73.0,No
859,Student_859,Female,23.0,Computer,Rajkot,77.0,75.0,94.0,No
860,Student_860,Male,20.0,Mechanical,Gandhinagar,57.0,68.0,76.0,No
861,Student_861,Female,19.0,Electrical,Rajkot,90.0,79.0,74.0,Yes
862,Student_862,Male,,Electrical,Surat,53.0,92.0,81.0,No
863,Student_863,Female,24.0,IT,,89.0,85.0,,No
864,Student_864,Female,21.0,IT,Surat,94.0,68.0,95.0,Yes
865,Student_865,Female,19.0,Electrical,Rajkot,93.0,78.0,67.0,Yes
866,Student_866,Male,,Electrical,Gandhinagar,,49.0,86.0,Yes
867,Student_867,Male,20.0,Electrical,Gandhinagar,53.0,84.0,75.0,No
868,Student_868,Female,21.0,Mechanical,Gandhinagar,62.0,66.0,58.0,Yes
869,Student_869,Male,19.0,Electrical,Vadodara,86.0,37.0,84.0,Yes
870,Student_870,Female,23.0,Civil,Ahmedabad,83.0,85.0,57.0,No
871,Student_871,Male,25.0,Computer,Gandhinagar,71.0,82.0,69.0,No
872,Student_872,Female,19.0,Electrical,Surat,60.0,51.0,91.0,Yes
873,Student_873,Female,25.0,Computer,Gandhinagar,,41.0,71.0,Yes
874,Student_874,Male,21.0,Mechanical,Vadodara,72.0,47.0,68.0,Yes
875,Student_875,Female,24.0,Computer,Surat,88.0,38.0,79.0,Yes
876,Student_876,Male,22.0,Mechanical,Vadodara,56.0,44.0,77.0,No
877,Student_877,Female,21.0,Civil,Surat,50.0,51.0,84.0,Yes
878,Student_878,Female,20.0,Mechanical,Rajkot,62.0,,92.0,Yes
879,Student_879,Male,22.0,Mechanical,Ahmedabad,69.0,40.0,60.0,No
880,Student_880,Male,23.0,IT,Ahmedabad,94.0,,80.0,No
881,Student_881,Male,18.0,Electrical,Vadodara,79.0,55.0,98.0,No
882,Student_882,Female,25.0,Electrical,Ahmedabad,,58.0,97.0,No
883,Student_883,Male,,Civil,Vadodara,,,88.0,No
884,Student_884,Female,25.0,Civil,Vadodara,60.0,58.0,85.0,No
885,Student_885,Female,21.0,Electrical,Vadodara,59.0,93.0,79.0,No
886,Student_886,Male,,IT,Ahmedabad,99.0,37.0,72.0,No
887,Student_887,Male,24.0,Electrical,Vadodara,40.0,74.0,68.0,No
888,Student_888,Female,25.0,IT,Ahmedabad,57.0,82.0,61.0,Yes
889,Student_889,Female,20.0,Civil,Vadodara,98.0,88.0,64.0,No
890,Student_890,Male,,Computer,Gandhinagar,77.0,69.0,80.0,Yes
891,Student_891,Male,25.0,Civil,Vadodara,,90.0,92.0,No
892,Student_892,Male,25.0,Civil,Surat,,74.0,86.0,No
893,Student_893,Male,22.0,Mechanical,Vadodara,,80.0,86.0,No
894,Student_894,Male,23.0,Mechanical,Rajkot,55.0,47.0,64.0,Yes
895,Student_895,Female,25.0,Mechanical,Vadodara,91.0,61.0,,No
896,Student_896,Female,21.0,Mechanical,Surat,57.0,40.0,99.0,No
897,Student_897,Female,,IT,Surat,,51.0,92.0,No
898,Student_898,Female,,Electrical,Ahmedabad,78.0,70.0,75.0,No
899,Student_899,Male,21.0,Computer,Gandhinagar,81.0,36.0,93.0,No
900,Student_900,Male,18.0,Civil,Vadodara,,86.0,51.0,No
901,Student_901,Male,21.0,IT,,85.0,86.0,,No
902,Student_902,Female,,Computer,Gandhinagar,76.0,77.0,64.0,No
903,Student_903,Female,22.0,IT,Vadodara,41.0,56.0,53.0,Yes
904,Student_904,Male,25.0,IT,Rajkot,84.0,89.0,71.0,No
905,Student_905,Male,21.0,Civil,Vadodara,82.0,94.0,99.0,No
906,Student_906,Female,22.0,Electrical,Surat,40.0,92.0,87.0,No
907,Student_907,Female,19.0,Mechanical,Surat,,46.0,72.0,Yes
908,Student_908,Male,23.0,Electrical,Rajkot,91.0,73.0,75.0,No
909,Student_909,Male,21.0,Civil,Ahmedabad,65.0,47.0,100.0,No
910,Student_910,Female,24.0,Civil,Gandhinagar,55.0,75.0,60.0,No
911,Student_911,Male,19.0,Civil,Vadodara,74.0,91.0,77.0,No
912,Student_912,Male,25.0,Computer,,79.0,87.0,51.0,No
913,Student_913,Male,23.0,Electrical,Ahmedabad,83.0,46.0,57.0,No
914,Student_914,Female,24.0,Electrical,,54.0,47.0,78.0,No
915,Student_915,Female,25.0,IT,Surat,51.0,91.0,60.0,Yes
916,Student_916,Female,24.0,IT,Rajkot,62.0,74.0,86.0,No
917,Student_917,Female,25.0,IT,Vadodara,75.0,79.0,,No
918,Student_918,Female,,Civil,Gandhinagar,59.0,69.0,99.0,No
919,Student_919,Female,23.0,Electrical,Surat,92.0,37.0,,No
920,Student_920,Female,19.0,Civil,Surat,75.0,39.0,,No
921,Student_921,Male,24.0,Computer,Vadodara,40.0,45.0,84.0,Yes
922,Student_922,Male,24.0,IT,Ahmedabad,,90.0,58.0,Yes
923,Student_923,Male,20.0,Civil,Gandhinagar,40.0,44.0,84.0,Yes
924,Student_924,Male,21.0,Civil,Surat,79.0,68.0,60.0,Yes
925,Student_925,Male,23.0,Computer,Gandhinagar,48.0,65.0,,No
926,Student_926,Male,25.0,Mechanical,Surat,74.0,75.0,61.0,Yes
927,Student_927,Male,,Electrical,,37.0,,52.0,No
928,Student_928,Female,22.0,Mechanical,Rajkot,58.0,66.0,88.0,No
929,Student_929,Female,25.0,IT,Surat,53.0,54.0,63.0,No
930,Student_930,Male,23.0,Civil,Gandhinagar,52.0,91.0,77.0,No
931,Student_931,Male,19.0,Computer,Ahmedabad,98.0,84.0,60.0,No
932,Student_932,Female,,Computer,Rajkot,69.0,59.0,88.0,Yes
933,Student_933,Male,,Electrical,Rajkot,96.0,46.0,74.0,No
934,Student_934,Male,23.0,Mechanical,Ahmedabad,35.0,73.0,70.0,Yes
935,Student_935,Female,25.0,Electrical,Gandhinagar,59.0,51.0,59.0,No
936,Student_936,Male,20.0,Civil,,79.0,79.0,92.0,No
937,Student_937,Female,21.0,Electrical,Ahmedabad,,45.0,64.0,Yes
938,Student_938,Male,25.0,Computer,Gandhinagar,50.0,57.0,68.0,Yes
939,Student_939,Female,21.0,Computer,Ahmedabad,53.0,72.0,97.0,No
940,Student_940,Female,23.0,IT,Ahmedabad,57.0,36.0,71.0,No
941,Student_941,Female,24.0,IT,Surat,59.0,,70.0,No
942,Student_942,Male,18.0,Civil,Gandhinagar,50.0,83.0,93.0,No
943,Student_943,Female,18.0,Mechanical,Vadodara,88.0,86.0,,Yes
944,Student_944,Male,24.0,Electrical,Surat,35.0,67.0,,No
945,Student_945,Male,24.0,Civil,Ahmedabad,76.0,56.0,72.0,No
946,Student_946,Male,24.0,IT,Ahmedabad,53.0,39.0,,No
947,Student_947,Male,19.0,Electrical,Ahmedabad,68.0,52.0,54.0,No
948,Student_948,Female,18.0,IT,Gandhinagar,89.0,72.0,53.0,No
949,Student_949,Female,24.0,Electrical,Gandhinagar,52.0,71.0,77.0,No
950,Student_950,Male,19.0,Mechanical,Surat,68.0,98.0,63.0,No
951,Student_951,Male,22.0,Civil,Vadodara,79.0,44.0,57.0,Yes
952,Student_952,Female,,Electrical,Surat,40.0,76.0,58.0,No
953,Student_953,Male,19.0,Computer,Rajkot,,82.0,,No
954,Student_954,Female,18.0,Computer,Ahmedabad,82.0,78.0,84.0,Yes
955,Student_955,Male,23.0,Electrical,,73.0,50.0,86.0,No
956,Student_956,Male,22.0,Electrical,Ahmedabad,65.0,,70.0,No
957,Student_957,Female,,Electrical,Surat,44.0,69.0,67.0,No
958,Student_958,Male,25.0,Computer,Surat,64.0,62.0,82.0,Yes
959,Student_959,Female,19.0,Computer,Ahmedabad,52.0,36.0,57.0,No
960,Student_960,Male,20.0,Electrical,Surat,94.0,47.0,100.0,Yes
961,Student_961,Male,21.0,IT,Gandhinagar,49.0,75.0,98.0,No
962,Student_962,Male,,IT,Gandhinagar,38.0,93.0,66.0,Yes
963,Student_963,Female,18.0,Mechanical,Surat,97.0,87.0,92.0,No
964,Student_964,Male,24.0,Civil,Ahmedabad,74.0,79.0,80.0,No
965,Student_965,Male,19.0,IT,Surat,43.0,54.0,,No
966,Student_966,Male,24.0,Computer,Surat,43.0,58.0,55.0,No
967,Student_967,Male,24.0,IT,Surat,60.0,95.0,71.0,No
968,Student_968,Female,24.0,Mechanical,Rajkot,38.0,92.0,63.0,No
969,Student_969,Female,24.0,Mechanical,Gandhinagar,50.0,61.0,52.0,Yes
970,Student_970,Male,24.0,Civil,Vadodara,49.0,60.0,61.0,No
971,Student_971,Female,22.0,IT,,86.0,41.0,85.0,Yes
972,Student_972,Male,18.0,Computer,Rajkot,39.0,76.0,61.0,No
973,Student_973,Male,25.0,Computer,Surat,54.0,81.0,94.0,Yes
974,Student_974,Male,,Electrical,Rajkot,52.0,87.0,51.0,No
975,Student_975,Female,25.0,Computer,Rajkot,36.0,93.0,51.0,No
976,Student_976,Female,21.0,Civil,Ahmedabad,47.0,72.0,64.0,No
977,Student_977,Female,19.0,Civil,Gandhinagar,38.0,87.0,72.0,Yes
978,Student_978,Female,20.0,Computer,Vadodara,76.0,49.0,78.0,No
979,Student_979,Female,22.0,Computer,Surat,,60.0,66.0,No
980,Student_980,Female,19.0,Electrical,Vadodara,42.0,82.0,81.0,No
981,Student_981,Female,22.0,Computer,Vadodara,97.0,53.0,56.0,No
982,Student_982,Female,25.0,Electrical,Gandhinagar,43.0,43.0,79.0,No
983,Student_983,Female,18.0,Electrical,Vadodara,45.0,98.0,77.0,No
984,Student_984,Male,24.0,Computer,Vadodara,76.0,88.0,63.0,No
985,Student_985,Female,21.0,Mechanical,Rajkot,47.0,85.0,93.0,No
986,Student_986,Female,21.0,Mechanical,Gandhinagar,70.0,73.0,79.0,No
987,Student_987,Female,23.0,Electrical,Ahmedabad,47.0,38.0,66.0,Yes
988,Student_988,Female,20.0,Computer,Surat,46.0,37.0,81.0,Yes
989,Student_989,Female,21.0,Mechanical,Vadodara,71.0,98.0,95.0,Yes
990,Student_990,Female,24.0,Computer,Surat,,63.0,55.0,Yes
991,Student_991,Female,,Computer,Ahmedabad,36.0,45.0,100.0,No
992,Student_992,Female,20.0,Computer,Surat,90.0,92.0,73.0,No
993,Student_993,Female,25.0,IT,Ahmedabad,94.0,61.0,55.0,Yes
994,Student_994,Female,19.0,Computer,Rajkot,57.0,55.0,76.0,No
995,Student_995,Female,25.0,IT,Vadodara,74.0,73.0,67.0,Yes
996,Student_996,Male,24.0,Electrical,Ahmedabad,98.0,80.0,73.0,No
997,Student_997,Male,24.0,Mechanical,,57.0,,86.0,No
998,Student_998,Female,21.0,Mechanical,Vadodara,63.0,,73.0,No
999,Student_999,Female,20.0,Mechanical,Rajkot,85.0,97.0,87.0,Yes
1000,Student_1000,Male,18.0,Mechanical,Vadodara,65.0,69.0,83.0,No
